"","Change Size","Annual change","Uniform Change across Intervals","Interval Behavior"
"1992_1997",5651,0.00238780365163673,0.00762253401168393,Slow
"1997_2004",67500,0.0203727211979522,0.00762253401168393,Fast
"2004_2015",9831,0.00188820142044374,0.00762253401168393,Slow
